name,selling_price,year,seller_type,owner,km_driven,ex_showroom_price
122111.11111111111,133000.0,2019,0,0,350.0,72752.5
35944.444444444445,45000.0,2017,0,0,5650.0,72752.5
133000.0,133000.0,2018,0,0,12000.0,99399.0
65000.0,65000.0,2015,0,0,23000.0,89643.0
20000.0,20000.0,2011,0,1,21000.0,72752.5
33000.0,18000.0,2010,0,0,60000.0,53857.0
68740.27272727272,78500.0,2018,0,0,17000.0,87719.0
96200.0,133000.0,2008,0,1,39000.0,72752.5
32272.727272727272,30000.0,2010,0,0,32000.0,72752.5
27187.5,50000.0,2016,0,0,42000.0,60122.0
35416.666666666664,35000.0,2015,0,0,32000.0,78712.0
28000.0,28000.0,2016,0,1,10000.0,47255.0
70714.28571428571,80000.0,2018,0,0,21178.0,95955.0
133000.0,133000.0,2019,0,0,1127.0,99399.0
133000.0,133000.0,2020,0,0,1700.0,72752.5
23250.0,25000.0,2012,0,0,55000.0,58314.0
27142.85714285714,25000.0,2006,0,0,27000.0,72752.5
70833.33333333333,40000.0,2010,0,1,45000.0,99399.0
133000.0,133000.0,2018,0,0,23000.0,99399.0
119428.57142857143,120000.0,2018,0,0,39000.0,99399.0
36800.0,15000.0,2008,0,0,60000.0,72752.5
30333.333333333332,26000.0,2016,0,0,17450.0,44389.0
31000.0,32000.0,2013,0,1,20696.0,53900.0
133000.0,133000.0,2019,0,0,2000.0,72752.5
101100.0,110000.0,2016,0,0,20000.0,72752.5
37000.0,25000.0,2012,0,0,35000.0,56147.0
86252.25,80000.0,2018,0,0,15210.0,72752.5
30333.333333333332,42000.0,2017,0,0,24000.0,44389.0
39285.71428571428,40000.0,2013,0,2,35000.0,84751.0
24500.0,21000.0,2009,0,0,10000.0,72752.5
40181.818181818184,55000.0,2017,0,0,2500.0,61600.0
44285.71428571428,38000.0,2013,0,0,75000.0,79432.0
47600.0,43000.0,2016,0,1,50000.0,78350.0
65000.0,65000.0,2018,0,0,27000.0,72752.5
48888.88888888889,62000.0,2019,0,0,10000.0,71049.0
55666.666666666664,60000.0,2018,0,0,6502.0,57557.0
40181.818181818184,45000.0,2018,0,0,21000.0,61600.0
107600.0,120000.0,2016,0,0,16000.0,99399.0
24783.333333333332,30000.0,2011,0,0,42000.0,72752.5
101100.0,90000.0,2015,0,2,13000.0,72752.5
131000.0,125000.0,2017,0,0,12800.0,72752.5
51966.666666666664,50000.0,2018,0,0,20000.0,71150.0
128500.0,133000.0,2017,0,0,4600.0,72752.5
32666.666666666668,28000.0,2012,0,0,81000.0,56750.0
65562.5,85000.0,2018,0,0,8000.0,84042.0
44300.0,29900.0,2016,0,0,55000.0,69750.0
27187.5,25000.0,2011,0,0,57000.0,60122.0
35416.666666666664,30000.0,2009,0,1,26000.0,78712.0
57333.333333333336,60000.0,2018,0,0,13000.0,59844.0
35416.666666666664,35000.0,2012,0,1,29000.0,78712.0
24545.363636363636,25000.0,2010,0,0,43000.0,43703.0
40333.333333333336,30000.0,2015,0,0,40000.0,73413.0
87166.66666666667,90000.0,2010,0,1,40000.0,72752.5
32833.333333333336,35000.0,2015,0,1,24000.0,49900.0
55666.666666666664,70000.0,2019,0,0,3000.0,59422.0
21400.0,25000.0,2006,0,0,75000.0,72752.5
38914.634146341465,25000.0,2010,0,0,42000.0,72752.5
107000.0,90000.0,2014,0,0,13000.0,72752.5
27187.5,25000.0,2013,0,0,55000.0,57549.0
29136.363636363636,42000.0,2011,0,0,23000.0,72752.5
32833.333333333336,35000.0,2015,0,1,24000.0,51994.0
47600.0,50000.0,2014,0,0,80000.0,80350.0
40466.6,30000.0,2015,0,0,39000.0,54605.0
35416.666666666664,48000.0,2016,0,0,20000.0,78712.0
68740.27272727272,65000.0,2016,0,0,30000.0,88161.0
101100.0,85000.0,2013,0,0,21000.0,72752.5
31000.0,45000.0,2014,0,0,41000.0,78513.0
34000.0,34000.0,2014,0,0,8000.0,50098.0
85000.0,90000.0,2008,0,0,50000.0,72752.5
27666.666666666668,35000.0,2012,0,0,8150.0,72752.5
124000.0,133000.0,2017,0,0,1933.0,99399.0
55021.28571428572,35000.0,2013,0,0,55750.0,72752.5
58750.0,65000.0,2015,0,0,15856.0,92074.0
38914.634146341465,29500.0,2013,0,0,27000.0,72752.5
133000.0,133000.0,2019,0,0,3700.0,99399.0
85000.0,95000.0,2018,0,0,21938.0,72752.5
47500.0,50000.0,2010,0,0,48000.0,72752.5
35944.444444444445,7500.0,2009,0,1,16000.0,72752.5
20000.0,25000.0,2008,0,0,54000.0,72752.5
29900.0,35000.0,2014,0,1,35000.0,72752.5
133000.0,133000.0,2018,0,0,15000.0,72752.5
50142.857142857145,50000.0,2014,0,0,32000.0,74295.0
55666.666666666664,62000.0,2019,0,0,3500.0,57557.0
33000.0,30000.0,2013,0,0,9000.0,53857.0
32833.333333333336,28000.0,2015,0,0,38000.0,49642.0
20766.666666666668,25000.0,2009,0,0,50000.0,72752.5
35000.0,30000.0,2015,0,1,20000.0,51112.0
133000.0,133000.0,2018,0,0,22000.0,99399.0
37666.666666666664,30000.0,2017,0,0,9432.0,53751.0
25000.0,25000.0,2014,0,0,70000.0,72752.5
23250.0,22000.0,2010,0,1,43000.0,58314.0
24829.956521739132,22989.0,2012,0,0,87250.0,50267.0
46750.0,42000.0,2016,0,0,30514.0,61653.0
28500.0,30000.0,2010,0,0,87250.0,70851.0
55000.0,55000.0,2015,0,0,45000.0,72752.5
46000.0,45000.0,2018,0,0,25000.0,53079.0
119428.57142857143,133000.0,2019,0,0,2500.0,99399.0
38914.634146341465,42000.0,2015,0,0,22770.0,72752.5
29900.0,30000.0,2015,0,0,30000.0,72752.5
24545.363636363636,24999.0,2012,0,1,35000.0,43703.0
133000.0,133000.0,2019,0,0,6330.0,72752.5
122111.11111111111,133000.0,2020,0,0,500.0,72752.5
38914.634146341465,40000.0,2013,0,0,43400.0,72752.5
78333.33333333333,85000.0,2018,0,0,7004.0,72752.5
124000.0,133000.0,2017,0,0,16500.0,99399.0
70000.0,80000.0,2018,0,0,12500.0,72752.5
97142.85714285714,95000.0,2018,0,0,9600.0,72752.5
50000.0,42000.0,2016,0,0,35000.0,65626.0
40000.0,40000.0,2019,0,0,11000.0,72752.5
65562.5,50000.0,2015,0,0,20000.0,84042.0
39125.0,40000.0,2018,0,0,13000.0,72752.5
70000.0,75000.0,2019,0,0,3500.0,72752.5
119428.57142857143,120000.0,2017,0,0,9000.0,99399.0
27142.85714285714,30000.0,2008,0,0,7500.0,72752.5
21250.0,17500.0,2013,0,0,38000.0,58438.0
21400.0,7500.0,2004,0,0,87250.0,72752.5
31857.14285714286,57000.0,2018,0,0,6465.0,61118.0
89000.0,80000.0,2018,0,0,18803.0,72752.5
27666.666666666668,18000.0,2010,0,0,20000.0,72752.5
38333.333333333336,25000.0,2013,0,0,24000.0,75936.0
101100.0,83900.0,2014,0,1,22000.0,72752.5
133000.0,133000.0,2018,0,0,7000.0,99399.0
133000.0,133000.0,2018,0,0,6100.0,99399.0
68740.27272727272,55000.0,2017,0,0,14000.0,87543.0
33399.933333333334,50000.0,2017,0,0,23000.0,72752.5
24545.363636363636,20000.0,2012,0,0,85000.0,43703.0
32272.727272727272,25000.0,2010,0,0,40000.0,72752.5
122111.11111111111,125000.0,2017,0,0,18000.0,72752.5
55666.666666666664,55000.0,2019,0,0,10000.0,57557.0
59500.0,50000.0,2016,0,0,40000.0,80435.0
133000.0,133000.0,2019,0,0,1500.0,72752.5
40466.6,60000.0,2015,0,0,30000.0,54605.0
40466.6,40000.0,2015,0,0,3000.0,54605.0
40700.0,15000.0,2008,0,0,55000.0,85011.0
133000.0,133000.0,2013,0,1,12000.0,99399.0
32272.727272727272,20000.0,2007,0,0,87250.0,72752.5
133000.0,133000.0,2020,0,0,500.0,99399.0
131500.0,130000.0,2015,0,0,50000.0,99399.0
68740.27272727272,54786.0,2016,0,0,25000.0,88161.0
113750.0,72000.0,2013,0,0,36500.0,72752.5
35000.0,35000.0,2013,0,0,26000.0,86744.0
40181.818181818184,45000.0,2017,0,0,18000.0,61600.0
122111.11111111111,85000.0,2013,0,0,49000.0,72752.5
95000.0,100000.0,2013,0,0,18000.0,99399.0
131000.0,133000.0,2017,0,0,15000.0,72752.5
133000.0,133000.0,2018,0,0,8500.0,72752.5
133000.0,133000.0,2017,0,0,3775.0,72752.5
101100.0,100000.0,2015,0,0,14500.0,72752.5
31000.0,20000.0,2010,0,0,35000.0,78513.0
128500.0,133000.0,2017,0,0,14000.0,72752.5
58200.0,60000.0,2016,0,0,16000.0,84246.0
107000.0,123000.0,2016,0,0,7000.0,72752.5
46111.11111111111,60000.0,2017,0,0,4000.0,72752.5
97142.85714285714,100000.0,2017,0,0,45000.0,72752.5
47600.0,22000.0,2014,0,0,87250.0,78350.0
24829.956521739132,30000.0,2014,0,0,52000.0,50267.0
27187.5,28000.0,2013,0,0,45000.0,60122.0
38914.634146341465,50000.0,2007,0,0,52000.0,72752.5
40000.0,40000.0,2017,0,0,27000.0,49521.0
39125.0,43000.0,2018,0,0,60000.0,72752.5
46111.11111111111,40000.0,2015,0,0,2300.0,72752.5
124000.0,100000.0,2012,0,0,15000.0,99399.0
39125.0,30000.0,2016,0,0,50000.0,72752.5
129800.0,130000.0,2017,0,0,27000.0,72752.5
68740.27272727272,48000.0,2016,0,1,25000.0,88161.0
29500.0,32000.0,2017,0,0,40000.0,72752.5
24000.0,23000.0,2010,0,0,32000.0,72752.5
32923.07692307692,20000.0,2010,0,1,50000.0,64589.0
122111.11111111111,125000.0,2017,0,0,36000.0,72752.5
30333.333333333332,23000.0,2016,0,0,17450.0,44389.0
27187.5,15000.0,2011,0,0,32000.0,57549.0
35000.0,35000.0,2015,0,0,38000.0,69983.0
28333.333333333332,25000.0,2014,0,1,71000.0,54299.0
38914.634146341465,80000.0,2019,0,0,8000.0,72752.5
15000.0,15000.0,2010,0,0,12000.0,72752.5
45000.0,45000.0,2013,0,1,50000.0,72303.0
30000.0,25000.0,2012,0,1,30000.0,65800.0
36000.0,35000.0,2013,0,0,15888.0,58757.0
22000.0,25000.0,2013,0,0,26000.0,47032.0
122111.11111111111,133000.0,2018,0,0,5600.0,72752.5
24829.956521739132,25000.0,2014,0,0,41000.0,50267.0
87166.66666666667,60000.0,2007,0,1,19612.0,72752.5
38914.634146341465,41000.0,2012,0,0,17000.0,72752.5
33399.933333333334,35000.0,2012,0,0,33700.0,72752.5
61250.0,75000.0,2015,0,0,87250.0,79233.0
40466.6,47999.0,2016,0,0,6000.0,54605.0
33399.933333333334,36999.0,2011,0,0,21000.0,72752.5
40700.0,25000.0,2007,0,0,80000.0,85011.0
70000.0,60000.0,2016,0,0,15000.0,72752.5
50142.857142857145,50000.0,2007,0,0,46000.0,74295.0
66666.66666666667,65000.0,2013,0,0,11000.0,99399.0
32250.0,12000.0,2007,0,0,72000.0,72752.5
58750.0,60000.0,2015,0,0,50000.0,92074.0
24829.956521739132,20000.0,2010,0,0,50000.0,50267.0
35416.666666666664,27000.0,2011,0,0,67000.0,78712.0
12333.333333333334,10000.0,2000,0,0,30000.0,72752.5
40285.71428571428,56000.0,2015,0,0,48000.0,72752.5
40285.71428571428,58000.0,2015,0,0,48000.0,72752.5
81750.0,87000.0,2018,0,0,8000.0,72752.5
55000.0,35000.0,2015,0,0,15500.0,52949.0
40700.0,35000.0,2012,0,0,45000.0,85011.0
35000.0,40000.0,2014,0,1,60855.0,64071.0
32923.07692307692,56000.0,2017,0,2,37714.0,64589.0
40700.0,30000.0,2008,0,1,60000.0,85011.0
46750.0,40000.0,2017,0,0,26000.0,61545.0
39125.0,60000.0,2019,0,0,6000.0,72752.5
35000.0,40000.0,2013,0,0,30000.0,86744.0
28888.88888888889,40000.0,2018,0,0,17000.0,72752.5
130000.0,130000.0,2015,0,0,34601.0,99399.0
58750.0,45000.0,2015,0,0,48000.0,92074.0
44285.71428571428,42000.0,2013,0,0,60000.0,79432.0
45000.0,25000.0,2012,0,0,44000.0,72752.5
38914.634146341465,15000.0,2006,0,0,55000.0,72752.5
133000.0,133000.0,2018,0,0,16000.0,99399.0
40000.0,38000.0,2016,0,1,20000.0,59095.0
65562.5,60000.0,2015,0,1,17500.0,84042.0
55021.28571428572,65000.0,2017,0,0,46000.0,72752.5
49000.0,35000.0,2011,0,0,30000.0,75502.0
38914.634146341465,70000.0,2019,0,0,6500.0,72752.5
27142.85714285714,15000.0,2006,0,0,80000.0,72752.5
43333.333333333336,50000.0,2017,0,1,10000.0,52271.0
122111.11111111111,133000.0,2017,0,0,2200.0,72752.5
35416.666666666664,25000.0,2008,0,0,40000.0,78712.0
47600.0,58000.0,2016,0,0,21000.0,80350.0
96200.0,90000.0,2007,0,0,3500.0,72752.5
9000.0,9000.0,2002,0,1,66191.0,72752.5
37500.0,40000.0,2014,0,0,50000.0,63331.0
37666.666666666664,28000.0,2015,0,0,32800.0,52372.0
59500.0,50000.0,2016,0,0,32000.0,80435.0
56000.0,56000.0,2019,0,0,3900.0,58630.0
24829.956521739132,35000.0,2014,0,0,10000.0,50267.0
97142.85714285714,95000.0,2018,0,0,9600.0,72752.5
33399.933333333334,30000.0,2010,0,0,46782.0,72752.5
68740.27272727272,95000.0,2019,0,0,8000.0,94703.0
35000.0,40000.0,2017,0,0,11000.0,53436.0
35000.0,30000.0,2014,0,1,51000.0,86744.0
22000.0,18000.0,2013,0,0,45000.0,47032.0
31857.14285714286,14000.0,2008,0,0,66000.0,59183.0
29900.0,17000.0,2010,0,1,50000.0,72752.5
101100.0,125000.0,2017,0,0,23500.0,72752.5
20000.0,20000.0,2015,0,0,25000.0,72752.5
49000.0,50000.0,2017,0,0,41000.0,56925.0
133000.0,133000.0,2017,0,0,12000.0,72752.5
75000.0,70000.0,2018,0,0,33000.0,72752.5
44800.0,40000.0,2017,0,0,15000.0,55980.0
20000.0,10000.0,2008,0,0,50000.0,72752.5
38914.634146341465,35000.0,2010,0,0,40000.0,72752.5
10000.0,10000.0,2005,0,0,50000.0,72752.5
40466.6,42000.0,2015,0,0,20000.0,54605.0
35416.666666666664,20000.0,2009,0,0,50000.0,78712.0
44800.0,25000.0,2017,0,0,55000.0,52790.0
27187.5,25000.0,2016,0,0,70350.0,60122.0
133000.0,133000.0,2019,0,0,2700.0,99399.0
38750.0,50000.0,2016,0,0,20000.0,72752.5
27666.666666666668,30000.0,2011,0,0,20000.0,72752.5
53750.0,60000.0,2014,0,0,41311.0,81508.0
19152.941176470587,15000.0,2005,0,0,65000.0,72752.5
25000.0,15000.0,2014,0,1,34000.0,72752.5
24783.333333333332,25000.0,2011,0,0,20000.0,72752.5
54000.0,54000.0,2019,0,0,11000.0,72752.5
20000.0,25000.0,2007,0,0,75000.0,72752.5
133000.0,133000.0,2019,0,0,1200.0,72752.5
107600.0,100000.0,2014,0,0,19000.0,99399.0
15000.0,15000.0,2007,0,0,30000.0,72752.5
19152.941176470587,20000.0,2006,0,0,23000.0,72752.5
37000.0,35000.0,2014,0,0,10000.0,56147.0
65562.5,50000.0,2016,0,0,40000.0,87042.0
96000.0,90000.0,2019,0,0,8600.0,99399.0
50000.0,40000.0,2016,0,0,45000.0,67187.0
70714.28571428571,80000.0,2016,0,0,7200.0,95955.0
24333.333333333332,20000.0,2010,0,0,31195.0,72752.5
50142.857142857145,70000.0,2017,0,0,18000.0,74295.0
89000.0,98000.0,2019,0,0,1000.0,72752.5
75000.0,75000.0,2008,0,1,17000.0,72752.5
48888.88888888889,50000.0,2016,0,0,46000.0,67214.0
50142.857142857145,40000.0,2014,0,0,77592.0,74295.0
50142.857142857145,75000.0,2013,0,0,54000.0,74295.0
50142.857142857145,50000.0,2013,0,0,17000.0,74295.0
38914.634146341465,60000.0,2014,0,0,60000.0,72752.5
55021.28571428572,50000.0,2016,0,0,40000.0,72752.5
35944.444444444445,35000.0,2014,0,0,25000.0,72752.5
101100.0,133000.0,2018,0,0,19000.0,72752.5
32875.0,25000.0,2015,0,1,40000.0,49412.0
32272.727272727272,42000.0,2010,0,0,51000.0,72752.5
131000.0,133000.0,2019,0,0,7600.0,72752.5
37500.0,40000.0,2014,0,0,14965.0,72752.5
124000.0,130000.0,2015,0,1,25000.0,99399.0
133000.0,133000.0,2019,0,0,6000.0,72752.5
133000.0,133000.0,2019,0,0,2380.0,72752.5
133000.0,133000.0,2017,0,1,13600.0,99399.0
97142.85714285714,85000.0,2018,0,0,10000.0,72752.5
125000.0,125000.0,2010,0,1,21000.0,99399.0
25000.0,45000.0,2018,0,0,10000.0,54760.0
107600.0,85000.0,2014,0,1,18600.0,99399.0
71000.0,85000.0,2018,0,0,7750.0,72752.5
133000.0,133000.0,2019,0,0,2800.0,99399.0
101100.0,100000.0,2015,0,0,30000.0,72752.5
122111.11111111111,95000.0,2015,0,0,9800.0,72752.5
48888.88888888889,48000.0,2015,0,0,25000.0,67469.0
59500.0,40000.0,2016,0,0,29689.0,80435.0
36000.0,37000.0,2014,0,0,43000.0,58757.0
49000.0,38000.0,2014,0,1,28243.0,75502.0
58200.0,55000.0,2015,0,0,25000.0,78316.0
46111.11111111111,45000.0,2017,0,0,22300.0,72752.5
18000.0,18000.0,2009,0,1,33595.0,44140.0
133000.0,133000.0,2018,0,0,5505.0,72752.5
70000.0,70000.0,2000,0,2,5000.0,72752.5
19152.941176470587,15000.0,2007,0,0,30000.0,72752.5
65000.0,65000.0,2019,0,0,16000.0,72752.5
55666.666666666664,42000.0,2018,0,0,22000.0,57557.0
58000.0,58000.0,2012,0,0,40000.0,72752.5
133000.0,133000.0,2014,0,3,6500.0,99399.0
42500.0,35000.0,2013,0,0,15000.0,72973.0
122111.11111111111,133000.0,2018,0,0,17365.0,72752.5
40285.71428571428,28000.0,2009,0,0,40000.0,72752.5
133000.0,133000.0,2019,0,0,5500.0,72752.5
122111.11111111111,125000.0,2017,0,0,33900.0,72752.5
29136.363636363636,15000.0,2005,0,0,47670.0,72752.5
24829.956521739132,29500.0,2013,0,0,45000.0,50267.0
133000.0,133000.0,2019,0,0,5000.0,72752.5
133000.0,133000.0,2019,0,0,5700.0,72752.5
30000.0,30000.0,2012,0,0,22866.0,72752.5
119428.57142857143,110000.0,2019,0,0,10000.0,99399.0
75000.0,70000.0,2016,0,0,31000.0,72752.5
51750.0,69000.0,2019,0,0,1600.0,57112.0
35416.666666666664,30000.0,2011,0,0,44000.0,78712.0
35416.666666666664,30000.0,2010,0,0,70000.0,78712.0
42500.0,42000.0,2017,0,0,21000.0,72752.5
122111.11111111111,133000.0,2018,0,0,17365.0,72752.5
32923.07692307692,20000.0,2010,0,0,80000.0,64589.0
46111.11111111111,45000.0,2017,0,0,15000.0,72752.5
32923.07692307692,23000.0,2010,0,0,77000.0,64589.0
133000.0,133000.0,2017,0,1,40000.0,99399.0
19152.941176470587,12000.0,2005,0,0,48000.0,72752.5
49000.0,50000.0,2017,0,0,18000.0,56925.0
122111.11111111111,133000.0,2018,0,0,20000.0,72752.5
55666.666666666664,55000.0,2019,0,0,9000.0,59422.0
51750.0,45000.0,2016,0,0,56000.0,54500.0
29900.0,25000.0,2012,0,0,50000.0,72752.5
101100.0,90000.0,2014,0,0,12000.0,72752.5
126500.0,120000.0,2018,0,0,11500.0,72752.5
129800.0,120000.0,2015,0,0,20000.0,72752.5
35000.0,35000.0,2017,0,0,20000.0,66492.0
39125.0,35000.0,2017,0,0,27000.0,72752.5
133000.0,133000.0,2018,0,0,2500.0,99399.0
101100.0,87000.0,2012,0,0,20477.0,72752.5
19152.941176470587,18000.0,2010,0,0,35700.0,72752.5
65562.5,50000.0,2014,0,0,70000.0,84042.0
70714.28571428571,60000.0,2016,0,0,29000.0,95955.0
19152.941176470587,15000.0,2004,0,0,14500.0,72752.5
28888.88888888889,30000.0,2018,0,0,37000.0,72752.5
133000.0,133000.0,2018,0,0,3246.0,72752.5
50142.857142857145,50000.0,2016,0,0,27000.0,74295.0
58200.0,62000.0,2017,0,0,15000.0,78316.0
28888.88888888889,45000.0,2019,0,0,15000.0,72752.5
101100.0,120000.0,2017,0,0,4050.0,72752.5
125000.0,125000.0,2014,0,0,25000.0,99399.0
52500.0,50000.0,2015,0,0,5000.0,80821.0
38914.634146341465,30000.0,2012,0,1,5000.0,72752.5
29300.0,40000.0,2014,0,0,14000.0,51600.0
31857.14285714286,41000.0,2013,0,0,36500.0,63537.0
101100.0,120000.0,2017,0,1,9000.0,72752.5
33666.666666666664,35000.0,2014,0,0,33200.0,67722.0
10000.0,10000.0,1997,0,0,87250.0,72752.5
55021.28571428572,35000.0,2011,0,0,25000.0,72752.5
44300.0,38000.0,2017,0,0,26000.0,69750.0
50000.0,50000.0,2015,0,0,3909.0,77900.0
40466.6,40000.0,2015,0,0,7672.0,54605.0
67500.0,70000.0,2019,0,0,3000.0,55600.0
122111.11111111111,133000.0,2016,0,0,3654.0,72752.5
32875.0,26500.0,2016,0,1,40000.0,53830.0
40181.818181818184,38000.0,2016,1,0,5500.0,61600.0
35416.666666666664,60000.0,2016,0,0,29950.0,78712.0
126000.0,133000.0,2017,0,0,14000.0,72752.5
65562.5,78000.0,2017,0,0,26100.0,84480.0
44800.0,58000.0,2018,0,0,6000.0,54580.0
119428.57142857143,130000.0,2017,0,0,4000.0,99399.0
16000.0,20000.0,2001,0,0,50000.0,54852.0
133000.0,133000.0,2018,0,0,5475.0,99399.0
40700.0,32000.0,2012,0,0,40000.0,85011.0
40700.0,50000.0,2017,0,0,20500.0,85011.0
113750.0,120000.0,2017,0,0,4100.0,72752.5
59500.0,60000.0,2016,0,1,23097.0,80435.0
26000.0,20000.0,2011,0,0,37734.0,44756.0
96200.0,65000.0,2011,0,1,65000.0,72752.5
70833.33333333333,70000.0,2016,0,0,8000.0,99399.0
53750.0,35000.0,2014,0,0,13500.0,81508.0
70714.28571428571,95000.0,2018,0,0,23000.0,95955.0
38914.634146341465,8000.0,2005,0,0,58000.0,72752.5
101100.0,85000.0,2010,0,0,15000.0,72752.5
44300.0,65000.0,2016,0,0,29000.0,69750.0
36800.0,39000.0,2013,0,0,20000.0,72752.5
36000.0,45000.0,2017,0,0,35000.0,50280.0
59500.0,60000.0,2016,0,0,45137.0,80435.0
133000.0,133000.0,2018,0,0,7500.0,99399.0
38914.634146341465,35000.0,2011,0,0,35600.0,72752.5
32923.07692307692,40000.0,2018,0,0,15000.0,64589.0
39285.71428571428,40000.0,2012,0,0,7353.0,84751.0
68740.27272727272,56000.0,2017,0,1,13200.0,87543.0
32333.333333333332,22000.0,2011,0,0,38350.0,71757.0
35500.0,36000.0,2014,0,0,20400.0,54593.0
100000.0,100000.0,2018,0,0,14500.0,99399.0
50000.0,42000.0,2016,0,0,19500.0,67187.0
87166.66666666667,85000.0,2008,0,0,20000.0,72752.5
40000.0,45000.0,2014,0,0,36000.0,54586.0
119428.57142857143,133000.0,2019,0,0,4500.0,99399.0
50000.0,50000.0,2013,0,0,38000.0,85766.0
133000.0,133000.0,2019,0,0,9000.0,72752.5
101100.0,60000.0,2006,0,0,40000.0,72752.5
133000.0,133000.0,2017,0,0,25000.0,99399.0
19152.941176470587,28000.0,2008,0,0,70889.0,72752.5
131500.0,133000.0,2015,0,1,13125.0,99399.0
40700.0,42000.0,2014,0,1,19600.0,85011.0
23250.0,16000.0,2011,0,0,40000.0,58314.0
43333.333333333336,40000.0,2015,0,0,19055.0,52271.0
40700.0,38000.0,2012,0,1,57000.0,85011.0
70833.33333333333,85000.0,2017,0,0,13000.0,99399.0
31857.14285714286,28000.0,2013,0,0,28087.0,63537.0
113750.0,133000.0,2018,0,0,24000.0,72752.5
101100.0,120000.0,2016,0,0,24600.0,72752.5
51666.666666666664,37000.0,2010,0,0,27500.0,99399.0
133000.0,133000.0,2015,0,0,45000.0,99399.0
15000.0,10000.0,2000,0,0,61000.0,72752.5
20000.0,20000.0,2013,0,0,7000.0,47343.0
55021.28571428572,83299.0,2019,0,0,6400.0,72752.5
65000.0,65000.0,2018,0,0,3500.0,89643.0
55666.666666666664,50000.0,2018,0,0,14000.0,59422.0
45000.0,65000.0,2013,0,0,6409.0,72752.5
47500.0,45000.0,2012,0,2,44000.0,72752.5
68740.27272727272,60000.0,2017,0,0,16500.0,92210.0
107000.0,110000.0,2015,0,0,36000.0,72752.5
20766.666666666668,14700.0,2005,0,1,30000.0,72752.5
57333.333333333336,38000.0,2015,0,0,15000.0,63180.0
46111.11111111111,70000.0,2018,0,0,14500.0,72752.5
32250.0,35000.0,2018,0,0,26600.0,72752.5
27142.85714285714,19000.0,2012,0,0,32000.0,72752.5
130000.0,130000.0,2019,0,0,3500.0,72752.5
71000.0,50000.0,2013,1,0,58203.0,72752.5
29136.363636363636,18000.0,2005,0,0,21885.0,72752.5
86500.0,87000.0,2019,0,0,3200.0,93400.0
19152.941176470587,40000.0,2007,0,0,40000.0,72752.5
37500.0,35000.0,2015,0,0,28000.0,63331.0
107600.0,100000.0,2011,0,1,3500.0,99399.0
29300.0,30000.0,2013,0,0,24000.0,51600.0
81750.0,95000.0,2018,0,0,1800.0,72752.5
21250.0,25000.0,2012,0,0,76000.0,58438.0
29136.363636363636,26500.0,2010,0,0,52500.0,72752.5
12333.333333333334,12000.0,2008,0,0,17500.0,72752.5
38914.634146341465,20000.0,2006,0,0,41000.0,72752.5
133000.0,133000.0,2018,0,0,2845.0,99399.0
40700.0,14900.0,2007,0,0,50000.0,85011.0
37000.0,48000.0,2018,0,0,7110.0,56147.0
44285.71428571428,40000.0,2014,0,0,27785.0,79432.0
41500.0,45000.0,2010,0,0,75000.0,71681.0
33399.933333333334,25000.0,2010,0,0,20000.0,72752.5
40466.6,25000.0,2011,0,0,20000.0,54605.0
24829.956521739132,10000.0,2009,0,0,60000.0,50267.0
22000.0,22000.0,2009,0,2,20000.0,44493.0
40466.6,45000.0,2015,0,0,18000.0,54605.0
133000.0,133000.0,2017,0,0,16500.0,72752.5
55000.0,75000.0,2017,0,0,15000.0,52949.0
32923.07692307692,24000.0,2010,0,0,45000.0,64589.0
35416.666666666664,45000.0,2016,0,0,37000.0,78712.0
49000.0,55000.0,2017,0,0,14600.0,54475.0
27187.5,10000.0,2006,0,0,51000.0,57549.0
122111.11111111111,133000.0,2017,0,0,15000.0,72752.5
50142.857142857145,55000.0,2017,0,0,12000.0,74295.0
49000.0,35000.0,2012,0,0,15000.0,75502.0
13000.0,20000.0,1988,0,0,21000.0,72752.5
38914.634146341465,26000.0,2012,0,1,65000.0,72752.5
24829.956521739132,23000.0,2009,0,0,87250.0,50267.0
124000.0,133000.0,2015,0,0,23000.0,99399.0
20766.666666666668,24700.0,2012,0,1,40000.0,72752.5
36000.0,35000.0,2016,0,1,49637.0,54080.0
24783.333333333332,12000.0,2012,0,0,87250.0,72752.5
122111.11111111111,133000.0,2017,0,0,7000.0,72752.5
40466.6,50000.0,2016,0,0,5326.0,54605.0
24829.956521739132,25000.0,2009,0,0,87250.0,50267.0
15000.0,15000.0,1999,1,1,10000.0,72752.5
38750.0,35000.0,2014,0,1,37541.0,72752.5
40333.333333333336,45000.0,2015,0,0,36000.0,83437.0
37000.0,25000.0,2013,0,0,29000.0,56147.0
21400.0,40000.0,2018,0,0,29000.0,72752.5
17000.0,17000.0,2008,0,0,50000.0,72752.5
33666.666666666664,30000.0,2016,0,0,18000.0,67722.0
15000.0,15000.0,2000,0,0,50000.0,72752.5
75000.0,60000.0,2017,0,1,40000.0,72752.5
29900.0,30000.0,2013,0,0,20000.0,72752.5
66666.66666666667,60000.0,2012,0,0,22000.0,99399.0
40466.6,32000.0,2015,0,0,4500.0,54605.0
28333.333333333332,30000.0,2012,0,0,50000.0,54299.0
29136.363636363636,55000.0,2010,0,0,42000.0,72752.5
59500.0,75000.0,2016,0,0,35000.0,80435.0
42500.0,52000.0,2017,0,0,25000.0,72752.5
27187.5,38000.0,2018,0,0,34000.0,60122.0
24333.333333333332,12000.0,2007,0,0,60000.0,72752.5
48888.88888888889,47000.0,2017,0,0,73000.0,64750.0
24829.956521739132,22000.0,2014,0,0,38000.0,50267.0
49000.0,65000.0,2015,0,0,26000.0,75502.0
28888.88888888889,23000.0,2013,0,1,24000.0,72752.5
24545.363636363636,30000.0,2011,0,0,45000.0,43703.0
38914.634146341465,35000.0,2011,0,0,36000.0,72752.5
59500.0,80000.0,2017,0,0,30000.0,80435.0
28888.88888888889,20000.0,2012,0,0,16295.0,72752.5
38914.634146341465,16000.0,2011,0,1,59000.0,72752.5
38914.634146341465,20000.0,2006,0,0,9500.0,72752.5
71000.0,50000.0,2012,0,0,46000.0,72752.5
40333.333333333336,40000.0,2015,0,0,75000.0,76572.0
32923.07692307692,20000.0,2010,0,0,80000.0,64589.0
40700.0,65000.0,2018,0,0,26000.0,85011.0
70833.33333333333,85000.0,2016,0,0,26000.0,99399.0
29900.0,12000.0,2007,0,0,87250.0,72752.5
105000.0,105000.0,2019,0,0,2900.0,96500.0
65562.5,40000.0,2015,0,0,25000.0,84042.0
28333.333333333332,30000.0,2011,0,1,39500.0,54299.0
24829.956521739132,25000.0,2012,0,0,40000.0,50267.0
32833.333333333336,40000.0,2016,0,0,16000.0,51994.0
45666.666666666664,45000.0,2017,0,1,21000.0,49211.0
29500.0,40000.0,2018,0,0,14000.0,72752.5
46111.11111111111,70000.0,2018,0,0,7000.0,76632.0
24829.956521739132,30000.0,2012,0,0,22000.0,50267.0
24000.0,25000.0,2009,0,0,50000.0,72752.5
28888.88888888889,20000.0,2012,0,0,16295.0,72752.5
68740.27272727272,70000.0,2017,0,0,35000.0,87719.0
50000.0,50000.0,2017,0,0,9000.0,65626.0
20766.666666666668,25000.0,2010,0,0,35000.0,72752.5
38914.634146341465,22000.0,2011,0,0,60000.0,72752.5
24829.956521739132,35000.0,2013,0,0,29500.0,50267.0
55021.28571428572,40000.0,2014,0,1,50000.0,72752.5
75000.0,75000.0,2016,0,0,10500.0,72752.5
24783.333333333332,28000.0,2011,0,1,60000.0,72752.5
44800.0,55000.0,2018,0,0,39000.0,52790.0
35944.444444444445,30000.0,2014,0,0,24000.0,72752.5
40181.818181818184,40000.0,2016,0,0,15000.0,61600.0
82500.0,85000.0,2019,0,0,3000.0,72752.5
20766.666666666668,12000.0,2007,0,1,87250.0,72752.5
35500.0,35000.0,2013,0,0,20350.0,54593.0
38914.634146341465,25000.0,2015,0,1,50000.0,72752.5
38914.634146341465,40000.0,2012,0,1,37000.0,72752.5
20766.666666666668,15000.0,2011,0,0,70000.0,72752.5
49000.0,55000.0,2018,0,0,15000.0,54475.0
40700.0,60000.0,2015,0,0,28563.0,85011.0
122666.66666666667,115000.0,2018,0,0,11000.0,99399.0
5000.0,5000.0,1998,0,0,60000.0,72752.5
33399.933333333334,40000.0,2015,0,0,21121.0,72752.5
45666.666666666664,50000.0,2014,0,0,25000.0,49211.0
35944.444444444445,28000.0,2014,0,0,13000.0,72752.5
29900.0,35000.0,2013,0,0,55000.0,72752.5
20000.0,25000.0,2007,0,1,87250.0,72752.5
15000.0,20000.0,2009,0,1,36000.0,72752.5
40700.0,40000.0,2013,0,0,34000.0,85011.0
86500.0,86000.0,2018,0,0,12000.0,93400.0
66666.66666666667,65000.0,2011,0,0,29000.0,72752.5
59500.0,60000.0,2017,0,0,30000.0,80435.0
65000.0,65000.0,1998,0,2,16500.0,72752.5
48888.88888888889,41000.0,2017,0,0,33000.0,66697.0
93500.0,110000.0,2017,0,0,11800.0,99399.0
37000.0,32000.0,2017,0,0,39000.0,56147.0
33399.933333333334,37000.0,2014,0,0,16145.0,72752.5
67500.0,65000.0,2019,0,0,1000.0,55600.0
21400.0,18000.0,2007,0,1,50000.0,72752.5
24783.333333333332,28700.0,2012,0,1,49876.0,72752.5
40466.6,35000.0,2016,0,0,51000.0,54605.0
100000.0,100000.0,2019,0,0,1300.0,72752.5
27142.85714285714,21000.0,2010,0,0,11000.0,72752.5
29136.363636363636,30000.0,2010,0,1,55000.0,72752.5
97142.85714285714,90000.0,2019,0,0,20000.0,72752.5
13000.0,6000.0,1991,0,0,35000.0,72752.5
21400.0,23500.0,2010,0,0,60000.0,72752.5
38914.634146341465,55000.0,2015,0,1,40000.0,72752.5
30000.0,35000.0,2010,0,0,46000.0,65800.0
15000.0,15000.0,1998,0,0,65000.0,72752.5
40700.0,35000.0,2009,0,0,19000.0,85011.0
55000.0,40000.0,2011,0,0,26000.0,72752.5
15000.0,15000.0,2009,0,0,86000.0,72752.5
40000.0,40000.0,2011,0,1,87250.0,72752.5
61250.0,75000.0,2016,0,0,40000.0,77545.0
81750.0,70000.0,2016,0,0,10000.0,72752.5
24333.333333333332,22000.0,2007,0,0,25000.0,72752.5
65562.5,80000.0,2019,0,0,10000.0,87042.0
38914.634146341465,72000.0,2017,0,0,24000.0,72752.5
39125.0,30000.0,2014,0,1,35000.0,72752.5
32923.07692307692,25000.0,2011,0,1,30000.0,64589.0
70000.0,65000.0,2018,0,0,6500.0,72752.5
38914.634146341465,68000.0,2019,0,0,10000.0,72752.5
36000.0,27000.0,2016,0,0,28000.0,50280.0
33000.0,25000.0,2015,0,0,35000.0,57241.0
27187.5,45000.0,2016,0,0,20000.0,60122.0
107600.0,133000.0,2019,0,0,5500.0,99399.0
40700.0,20100.0,2008,0,0,36000.0,85011.0
33399.933333333334,30000.0,2014,0,0,25000.0,72752.5
30000.0,30000.0,2014,0,0,30000.0,51685.0
20333.333333333332,21000.0,2011,0,0,87250.0,47108.0
38750.0,45000.0,2012,0,0,21000.0,72752.5
39285.71428571428,45000.0,2014,0,0,57700.0,84751.0
14500.0,14500.0,2012,0,0,44000.0,72752.5
37000.0,47000.0,2019,0,0,8800.0,56147.0
42500.0,26000.0,2014,0,1,68000.0,72752.5
39285.71428571428,25000.0,2013,0,0,87250.0,84751.0
10000.0,10000.0,2000,0,0,24000.0,72752.5
55021.28571428572,50000.0,2017,0,0,38000.0,72752.5
35944.444444444445,23000.0,2010,0,0,40000.0,72752.5
24829.956521739132,50000.0,2014,0,0,48000.0,50267.0
44800.0,46000.0,2015,0,0,14000.0,55980.0
68740.27272727272,80000.0,2017,0,0,18000.0,87719.0
50000.0,50000.0,2013,0,0,38000.0,85766.0
40333.333333333336,40000.0,2014,0,0,75000.0,83437.0
68740.27272727272,70000.0,2017,0,0,35000.0,87719.0
51966.666666666664,30900.0,2014,0,0,25000.0,71150.0
49000.0,65000.0,2010,0,0,20000.0,75502.0
19152.941176470587,15000.0,2006,0,0,87250.0,72752.5
55021.28571428572,89999.0,2019,0,0,6400.0,72752.5
19152.941176470587,17600.0,2006,0,0,52000.0,72752.5
28888.88888888889,17000.0,2007,0,0,16000.0,72752.5
119428.57142857143,90000.0,2018,0,0,8200.0,99399.0
29136.363636363636,35000.0,2010,0,0,60000.0,72752.5
70833.33333333333,70000.0,2017,0,0,16000.0,99399.0
27187.5,15000.0,2011,0,0,47000.0,57549.0
49000.0,35000.0,2016,0,0,18000.0,54475.0
24829.956521739132,15000.0,2006,0,0,50000.0,50267.0
27187.5,50000.0,2018,0,0,6000.0,60122.0
58200.0,69000.0,2017,0,0,20000.0,82813.0
25000.0,15000.0,2011,0,0,65000.0,54760.0
28333.333333333332,25000.0,2008,0,0,25000.0,54299.0
23250.0,30000.0,2012,0,0,23000.0,58314.0
35000.0,45000.0,2014,0,0,5555.0,86744.0
25000.0,35000.0,2016,0,0,38000.0,72752.5
122666.66666666667,120000.0,2018,0,0,6000.0,99399.0
29900.0,25000.0,2015,0,0,45000.0,72752.5
66666.66666666667,80000.0,2017,0,0,27000.0,99399.0
19152.941176470587,10000.0,2007,0,0,87250.0,72752.5
55021.28571428572,70000.0,2018,0,0,16000.0,72752.5
38914.634146341465,35000.0,2011,0,0,50000.0,72752.5
40181.818181818184,40000.0,2015,0,0,71250.0,61600.0
21400.0,20000.0,2006,0,0,28000.0,72752.5
33000.0,30000.0,2012,0,0,50000.0,57241.0
29500.0,8000.0,2005,0,1,82000.0,72752.5
55000.0,65000.0,2013,0,0,6409.0,72752.5
20000.0,20000.0,2008,0,0,54000.0,72752.5
40333.333333333336,45000.0,2013,0,0,20000.0,76572.0
31000.0,35000.0,2013,0,0,50000.0,78513.0
28333.333333333332,25000.0,2011,0,0,52000.0,54299.0
55021.28571428572,15000.0,2009,0,3,87250.0,72752.5
47600.0,65000.0,2017,0,0,23000.0,78350.0
49000.0,45000.0,2011,0,0,35000.0,75502.0
37500.0,45000.0,2017,0,0,49000.0,72752.5
75000.0,50000.0,2011,0,1,55000.0,72752.5
71000.0,85000.0,2018,0,1,15100.0,72752.5
15000.0,25000.0,2008,0,0,38000.0,72752.5
50142.857142857145,60000.0,2017,0,0,12652.0,74295.0
100000.0,100000.0,2019,0,0,7000.0,99399.0
129800.0,133000.0,2019,0,1,13800.0,72752.5
24545.363636363636,25000.0,2010,0,1,28000.0,43703.0
25000.0,15000.0,2011,0,1,20000.0,54760.0
68740.27272727272,60000.0,2017,0,1,16008.0,92210.0
70833.33333333333,75000.0,2018,0,0,36000.0,99399.0
37500.0,35000.0,2010,0,0,36000.0,72752.5
37666.666666666664,55000.0,2018,0,0,380.0,53751.0
65562.5,85000.0,2018,0,0,50000.0,87042.0
27142.85714285714,35000.0,2012,0,0,30000.0,72752.5
32272.727272727272,35000.0,2011,0,0,35000.0,72752.5
65562.5,60000.0,2017,0,0,14500.0,84042.0
46111.11111111111,40000.0,2017,0,0,15000.0,72752.5
38914.634146341465,30000.0,2010,0,0,54000.0,72752.5
78333.33333333333,80000.0,2018,0,0,11000.0,72752.5
32833.333333333336,24000.0,2011,0,0,43000.0,51994.0
33399.933333333334,18000.0,2010,0,0,15000.0,72752.5
36800.0,20000.0,2008,0,2,40000.0,72752.5
35416.666666666664,40000.0,2016,0,0,87250.0,78712.0
46111.11111111111,20000.0,2012,0,0,24000.0,72752.5
70000.0,70000.0,2018,0,0,14000.0,72752.5
36800.0,50000.0,2019,0,0,29442.0,72752.5
65562.5,75000.0,2017,0,0,20000.0,84042.0
43800.0,25000.0,2015,0,0,30000.0,72752.5
68740.27272727272,70000.0,2017,0,0,38000.0,87543.0
46750.0,55000.0,2018,0,0,18000.0,61545.0
55666.666666666664,51000.0,2018,0,0,14000.0,59422.0
57333.333333333336,74000.0,2019,0,0,13000.0,59844.0
65562.5,65000.0,2017,0,0,42000.0,84042.0
59500.0,60000.0,2016,0,1,27000.0,80435.0
75000.0,110000.0,2019,0,0,4000.0,72752.5
66666.66666666667,50000.0,2014,0,0,1200.0,99399.0
86252.25,85009.0,2018,0,0,7500.0,72752.5
36800.0,60000.0,2013,0,0,15000.0,72752.5
38914.634146341465,25000.0,2013,0,1,70000.0,72752.5
86252.25,75000.0,2019,0,0,12657.0,72752.5
50142.857142857145,30000.0,2010,0,0,69000.0,74295.0
24829.956521739132,16600.0,2010,0,0,87250.0,50267.0
40466.6,30000.0,2015,0,0,18000.0,54605.0
33399.933333333334,20000.0,2007,0,0,80000.0,72752.5
55666.666666666664,62000.0,2019,0,0,11200.0,59422.0
70714.28571428571,60000.0,2016,0,0,17000.0,95955.0
38333.333333333336,45000.0,2014,0,0,56420.0,72492.0
44285.71428571428,40000.0,2011,0,0,82000.0,79432.0
85000.0,75000.0,2018,0,0,10000.0,72752.5
39285.71428571428,50000.0,2012,0,0,87250.0,84751.0
92500.0,105000.0,2017,0,0,18345.0,72752.5
24333.333333333332,30000.0,2009,0,0,20000.0,72752.5
10000.0,10000.0,2000,0,3,48000.0,72752.5
32923.07692307692,45000.0,2014,0,0,14000.0,64589.0
122666.66666666667,133000.0,2018,0,1,4100.0,99399.0
50142.857142857145,45000.0,2016,0,1,50000.0,74295.0
55666.666666666664,65000.0,2019,0,0,3025.0,59422.0
32923.07692307692,20000.0,2011,0,0,60000.0,64589.0
36000.0,37000.0,2016,0,0,6000.0,50280.0
18000.0,18000.0,2011,0,0,35000.0,44814.0
40181.818181818184,25000.0,2013,0,0,50000.0,61600.0
55666.666666666664,46000.0,2018,0,0,10000.0,57557.0
51750.0,55000.0,2019,0,0,7000.0,57112.0
50000.0,40000.0,2016,0,0,34000.0,67187.0
24783.333333333332,25000.0,2012,0,1,20000.0,72752.5
24829.956521739132,25000.0,2012,0,0,38000.0,50267.0
20000.0,15000.0,2008,0,0,87250.0,72752.5
78333.33333333333,70000.0,2018,0,0,20000.0,72752.5
68740.27272727272,70000.0,2017,0,0,87250.0,92210.0
25000.0,25000.0,1997,0,0,45354.0,72752.5
15000.0,10000.0,2009,0,0,87250.0,72752.5
92500.0,80000.0,2015,0,0,32000.0,72752.5
25000.0,25000.0,2015,0,1,14000.0,54253.0
43800.0,35000.0,2016,0,0,70000.0,72752.5
27500.0,25000.0,2016,0,0,13500.0,51185.0
27187.5,26000.0,2012,0,0,75000.0,57549.0
40181.818181818184,15000.0,2011,0,0,75000.0,61600.0
61250.0,50000.0,2017,0,0,52000.0,77545.0
29300.0,26500.0,2013,0,0,18860.0,49600.0
122111.11111111111,133000.0,2017,0,0,2700.0,72752.5
68740.27272727272,80000.0,2016,0,0,87250.0,92661.0
29500.0,30000.0,2016,0,0,38500.0,72752.5
65562.5,90000.0,2018,0,0,10500.0,87042.0
40700.0,85000.0,2016,0,0,35000.0,85011.0
40181.818181818184,54000.0,2013,0,0,17000.0,61600.0
29500.0,42000.0,2019,0,0,2900.0,72752.5
22000.0,25000.0,2014,0,0,30000.0,47032.0
42500.0,50000.0,2016,0,1,14000.0,72752.5
50142.857142857145,55000.0,2014,0,0,10000.0,74295.0
40000.0,35000.0,2014,0,0,9556.0,54586.0
48888.88888888889,50000.0,2018,0,0,37000.0,64750.0
50000.0,45000.0,2015,0,0,2700.0,65626.0
50000.0,45000.0,2016,0,0,36000.0,67187.0
24545.363636363636,28000.0,2015,0,1,52000.0,43703.0
85000.0,80000.0,2013,0,0,46000.0,72752.5
113750.0,130000.0,2016,0,0,12000.0,72752.5
75000.0,120000.0,2019,0,0,6500.0,72752.5
28500.0,27000.0,2012,0,0,14100.0,70851.0
33399.933333333334,30000.0,2014,0,0,40000.0,72752.5
32333.333333333332,50000.0,2010,0,0,75000.0,71757.0
43800.0,45000.0,2018,0,0,10000.0,72752.5
31857.14285714286,28000.0,2009,0,0,29625.0,59183.0
24829.956521739132,6000.0,2006,0,1,35000.0,50267.0
31000.0,35000.0,2016,0,0,32000.0,78513.0
37500.0,30000.0,2014,0,0,20000.0,72752.5
15000.0,15000.0,2007,0,0,70000.0,52710.0
38333.333333333336,45000.0,2013,0,0,57000.0,75936.0
22500.0,18000.0,2005,0,0,11000.0,72752.5
71000.0,85000.0,2018,0,0,17500.0,72752.5
31857.14285714286,30000.0,2014,0,0,7000.0,59183.0
28888.88888888889,40000.0,2018,0,0,17500.0,72752.5
32250.0,34000.0,2018,0,0,25000.0,72752.5
21400.0,8000.0,2003,0,0,53500.0,72752.5
50000.0,70000.0,2018,0,0,15000.0,67187.0
35944.444444444445,50000.0,2016,0,0,8000.0,72752.5
37000.0,35000.0,2015,0,0,39448.0,56147.0
19152.941176470587,20000.0,2006,0,0,75000.0,72752.5
38914.634146341465,50000.0,2012,0,0,28000.0,72752.5
24333.333333333332,37000.0,2008,0,0,62000.0,72752.5
43800.0,69000.0,2018,0,0,12000.0,72752.5
24500.0,28000.0,2012,0,0,49999.0,72752.5
27187.5,25000.0,2011,0,0,70000.0,57549.0
53750.0,60000.0,2018,0,0,25000.0,81508.0
50000.0,50000.0,2014,0,0,20000.0,72532.0
101100.0,133000.0,2016,0,0,4500.0,72752.5
37500.0,30000.0,2014,0,0,45000.0,49146.0
44285.71428571428,60000.0,2014,0,0,68000.0,79432.0
24829.956521739132,23000.0,2009,0,0,87250.0,50267.0
20000.0,20000.0,2009,0,0,16000.0,72752.5
82500.0,80000.0,2019,0,0,5000.0,72752.5
87166.66666666667,99000.0,2006,0,1,36000.0,72752.5
97142.85714285714,90000.0,2018,0,0,70000.0,72752.5
19152.941176470587,20000.0,2005,0,0,27370.0,72752.5
40181.818181818184,50000.0,2017,0,0,8600.0,61600.0
22500.0,27000.0,2002,0,0,49000.0,72752.5
60000.0,60000.0,2018,0,0,16000.0,72752.5
29136.363636363636,12000.0,2007,0,1,87250.0,72752.5
42500.0,50000.0,2014,0,0,10000.0,72973.0
29300.0,20000.0,2012,0,1,30000.0,49600.0
32666.666666666668,45000.0,2018,0,0,7000.0,58900.0
38750.0,40000.0,2013,0,0,68000.0,72752.5
44285.71428571428,45000.0,2016,0,1,20000.0,79432.0
24829.956521739132,25000.0,2015,0,0,25000.0,50267.0
51966.666666666664,75000.0,2019,0,0,8900.0,71150.0
21400.0,25000.0,2007,0,0,70000.0,72752.5
29900.0,25000.0,2006,0,1,40000.0,72752.5
96000.0,100000.0,2019,0,0,8500.0,99399.0
50142.857142857145,30000.0,2012,0,0,32000.0,74295.0
24333.333333333332,25000.0,2010,0,0,55000.0,72752.5
15000.0,10000.0,2006,0,0,75000.0,72752.5
20766.666666666668,25000.0,2008,0,2,65000.0,72752.5
110000.0,120000.0,2016,0,0,87250.0,72752.5
45666.666666666664,42000.0,2014,0,0,21000.0,53415.0
32875.0,30000.0,2013,0,0,60000.0,49412.0
93500.0,77000.0,2014,0,0,38000.0,99399.0
32333.333333333332,25000.0,2011,0,0,40000.0,71757.0
15000.0,15000.0,2006,0,0,40000.0,72752.5
32666.666666666668,25000.0,2013,0,0,25000.0,59640.0
55666.666666666664,50000.0,2018,0,0,25000.0,57957.0
31000.0,30000.0,2014,0,0,25000.0,53900.0
97142.85714285714,125000.0,2019,0,0,3000.0,72752.5
32272.727272727272,35000.0,2011,0,0,28000.0,72752.5
58200.0,45000.0,2015,0,0,40000.0,78316.0
96000.0,98000.0,2019,0,0,8500.0,99399.0
38914.634146341465,75000.0,2017,0,0,30000.0,72752.5
52500.0,55000.0,2017,0,1,20000.0,80821.0
28888.88888888889,25000.0,2013,0,0,30000.0,72752.5
33000.0,70000.0,2014,0,0,12566.0,49150.0
24000.0,24000.0,2011,0,0,17000.0,72752.5
55021.28571428572,70000.0,2018,0,0,17000.0,72752.5
45000.0,45000.0,2017,0,0,35000.0,58906.0
35000.0,25000.0,2015,0,0,40000.0,86744.0
126500.0,133000.0,2019,0,0,1400.0,99399.0
51750.0,38000.0,2016,0,0,37000.0,54500.0
61250.0,45000.0,2015,0,0,15000.0,77545.0
15000.0,15000.0,2009,0,0,46000.0,72752.5
27142.85714285714,45000.0,2012,0,0,75000.0,72752.5
24545.363636363636,22000.0,2014,0,0,14289.0,43703.0
27500.0,30000.0,2015,0,1,20000.0,51185.0
101100.0,100000.0,2012,0,0,28000.0,72752.5
122111.11111111111,100000.0,2014,0,0,19000.0,72752.5
38914.634146341465,60000.0,2017,0,0,28450.0,72752.5
110000.0,100000.0,2014,0,0,31500.0,72752.5
38914.634146341465,40000.0,2016,0,0,28000.0,72752.5
38914.634146341465,21000.0,2007,0,0,87250.0,72752.5
39125.0,40000.0,2018,0,0,16000.0,72752.5
24829.956521739132,25000.0,2007,0,0,17860.0,50267.0
44285.71428571428,45000.0,2015,0,0,24000.0,79432.0
81750.0,75000.0,2016,0,0,10950.0,72752.5
35944.444444444445,45000.0,2017,0,0,35850.0,72752.5
35000.0,35000.0,2016,0,0,29000.0,53436.0
96200.0,60000.0,2001,0,1,4000.0,72752.5
53750.0,60000.0,2016,0,0,45420.0,81508.0
122111.11111111111,130000.0,2018,0,1,35000.0,72752.5
48888.88888888889,42000.0,2017,0,0,19800.0,64750.0
50000.0,76000.0,2018,0,0,23000.0,65626.0
37500.0,40000.0,2014,0,0,35000.0,72752.5
29900.0,65000.0,2018,0,0,7500.0,72752.5
22000.0,20000.0,2013,0,0,20000.0,47032.0
68740.27272727272,75000.0,2016,0,0,72000.0,92661.0
68740.27272727272,70000.0,2018,0,0,7000.0,92661.0
86252.25,105000.0,2019,0,0,6000.0,72752.5
48888.88888888889,50000.0,2017,0,0,34300.0,62317.0
122111.11111111111,120000.0,2017,0,0,7199.0,72752.5
40700.0,25000.0,2011,0,0,43000.0,85011.0
30000.0,30000.0,2017,0,0,8000.0,43703.0
38750.0,50000.0,2017,0,0,9999.0,72752.5
32272.727272727272,25000.0,2007,0,0,80000.0,72752.5
40700.0,50000.0,2014,0,0,30000.0,85011.0
28333.333333333332,35000.0,2015,0,0,12000.0,54299.0
40700.0,30000.0,2009,0,0,17500.0,85011.0
33399.933333333334,37000.0,2016,0,0,45000.0,72752.5
50142.857142857145,42000.0,2013,0,0,38000.0,74295.0
126000.0,119000.0,2016,0,0,19800.0,72752.5
133000.0,133000.0,2011,0,0,12000.0,99399.0
122111.11111111111,130000.0,1993,0,1,10000.0,72752.5
21400.0,22000.0,2008,0,1,85000.0,72752.5
19152.941176470587,15000.0,2007,0,0,70000.0,72752.5
133000.0,133000.0,2017,0,0,2009.0,99399.0
133000.0,133000.0,2018,0,0,1500.0,99399.0
110000.0,110000.0,2014,0,0,12077.0,99399.0
129800.0,133000.0,2017,0,0,20000.0,72752.5
96200.0,133000.0,1995,0,2,20000.0,72752.5
75000.0,45000.0,2011,0,0,40000.0,72752.5
70714.28571428571,75000.0,2018,0,0,12000.0,95955.0
46750.0,50000.0,2017,0,0,27000.0,61545.0
33399.933333333334,30000.0,2013,0,0,87250.0,72752.5
35000.0,30000.0,2015,0,0,12000.0,64071.0
29136.363636363636,22000.0,2011,0,0,36000.0,72752.5
51666.666666666664,75000.0,2015,0,0,11000.0,99399.0
37000.0,45000.0,2017,0,0,26000.0,56147.0
40181.818181818184,35000.0,2014,0,0,87250.0,61600.0
24829.956521739132,35000.0,2012,0,0,29000.0,50267.0
29500.0,25000.0,2017,0,0,45000.0,72752.5
68740.27272727272,70000.0,2017,0,0,13000.0,92210.0
22500.0,10000.0,2005,0,0,48000.0,72752.5
133000.0,133000.0,2018,0,0,5814.0,99399.0
24545.363636363636,24000.0,2014,0,0,31000.0,43703.0
33399.933333333334,42000.0,2017,0,0,25000.0,72752.5
26000.0,26000.0,2002,0,1,28000.0,72752.5
35944.444444444445,60000.0,2018,0,0,11000.0,72752.5
40700.0,72000.0,2017,1,0,7850.0,85011.0
101100.0,120000.0,2015,0,0,10000.0,72752.5
101100.0,59000.0,2005,0,1,40000.0,72752.5
133000.0,133000.0,2015,0,1,5000.0,99399.0
133000.0,133000.0,2018,0,0,14000.0,99399.0
128500.0,133000.0,2018,0,0,7500.0,72752.5
30000.0,30000.0,2013,0,0,25000.0,46779.0
16000.0,18000.0,2004,0,0,46700.0,54852.0
38914.634146341465,35000.0,2011,0,0,12000.0,72752.5
129800.0,133000.0,2019,0,0,6000.0,72752.5
133000.0,133000.0,2016,0,0,9800.0,99399.0
37000.0,30000.0,2015,0,1,46070.0,56147.0
38914.634146341465,35000.0,2009,0,0,14500.0,72752.5
29136.363636363636,35000.0,2008,0,0,70000.0,72752.5
21400.0,25000.0,2008,1,1,87250.0,72752.5
66666.66666666667,80000.0,2013,1,0,30000.0,99399.0
19152.941176470587,20000.0,2004,0,1,87250.0,72752.5
51666.666666666664,43000.0,2012,0,1,63000.0,99399.0
19152.941176470587,20000.0,2010,0,1,30000.0,72752.5
20000.0,20000.0,2011,0,0,10000.0,43703.0
43333.333333333336,40000.0,2015,0,0,10000.0,52271.0
38750.0,30000.0,2011,0,0,87250.0,72752.5
24545.363636363636,21000.0,2009,0,0,50000.0,43703.0
39285.71428571428,35000.0,2011,0,0,15500.0,84751.0
27187.5,23000.0,2011,0,0,66000.0,57549.0
38750.0,40000.0,2017,0,1,80000.0,72752.5
33399.933333333334,40000.0,2011,0,0,8600.0,72752.5
37500.0,45000.0,2014,0,0,40000.0,47186.0
59500.0,60000.0,2016,0,0,25000.0,80435.0
39285.71428571428,40000.0,2013,0,0,34500.0,84751.0
40000.0,42000.0,2016,0,0,15500.0,59095.0
24829.956521739132,18000.0,2011,0,0,28000.0,50267.0
20333.333333333332,15000.0,2006,0,0,40000.0,46575.0
40285.71428571428,45000.0,2013,0,0,40000.0,72752.5
20333.333333333332,25000.0,2016,0,0,50000.0,47108.0
38914.634146341465,70000.0,2017,0,0,24000.0,72752.5
24545.363636363636,23000.0,2012,0,0,50000.0,43703.0
16000.0,10000.0,2005,0,0,55000.0,54852.0
19152.941176470587,25000.0,2012,0,0,70000.0,72752.5
31857.14285714286,25000.0,2012,0,1,12000.0,59183.0
40700.0,50000.0,2010,0,0,70000.0,85011.0
49000.0,60000.0,2015,0,1,16000.0,75502.0
22500.0,35000.0,2014,0,0,38000.0,72752.5
32875.0,50000.0,2016,0,0,87250.0,49412.0
48888.88888888889,50000.0,2016,0,0,45000.0,64750.0
20766.666666666668,25500.0,2012,0,0,28990.0,72752.5
40285.71428571428,35000.0,2010,0,0,13000.0,72752.5
20766.666666666668,20000.0,2005,0,0,15000.0,72752.5
40466.6,40000.0,2016,0,0,60000.0,54605.0
32923.07692307692,45000.0,2017,0,0,22000.0,64589.0
29136.363636363636,30000.0,2008,0,0,19500.0,72752.5
29300.0,30000.0,2013,0,0,25000.0,49600.0
32272.727272727272,30000.0,2011,0,2,70000.0,72752.5
38914.634146341465,40000.0,2014,0,1,65000.0,72752.5
33000.0,25000.0,2012,0,0,86000.0,53857.0
43800.0,45000.0,2017,0,0,30000.0,72752.5
58750.0,65000.0,2015,0,0,33000.0,92074.0
40466.6,40000.0,2015,0,0,36000.0,54605.0
40285.71428571428,40000.0,2010,0,0,41000.0,72752.5
68740.27272727272,70000.0,2017,0,0,28000.0,83340.0
39125.0,35000.0,2018,0,0,15000.0,72752.5
32833.333333333336,35000.0,2015,0,0,35280.0,51994.0
12333.333333333334,15000.0,2004,0,0,18000.0,72752.5
87166.66666666667,99000.0,2012,0,0,28000.0,72752.5
87166.66666666667,90000.0,2012,0,0,40000.0,72752.5
40285.71428571428,20000.0,2010,0,0,17000.0,72752.5
33666.666666666664,36000.0,2016,0,0,23000.0,65599.0
26000.0,32000.0,2014,0,0,30000.0,44756.0
40466.6,50000.0,2016,0,0,6000.0,54605.0
32923.07692307692,50000.0,2015,0,0,48000.0,64589.0
55000.0,60000.0,2014,0,0,16000.0,72752.5
32272.727272727272,40000.0,2009,0,0,50000.0,72752.5
32272.727272727272,35000.0,2012,0,0,60000.0,72752.5
116000.0,133000.0,2018,0,0,3000.0,99399.0
133000.0,133000.0,2019,0,0,1400.0,99399.0
126500.0,133000.0,2019,0,0,4000.0,99399.0
131000.0,133000.0,2019,0,0,1200.0,99399.0
122111.11111111111,133000.0,2019,0,0,4100.0,99399.0
133000.0,133000.0,2017,0,0,21700.0,99399.0
133000.0,133000.0,2016,0,1,16500.0,99399.0
116250.0,125000.0,2015,0,0,15000.0,99399.0
116250.0,120000.0,2018,0,0,18000.0,99399.0
122111.11111111111,120000.0,2019,0,0,11000.0,99399.0
126500.0,120000.0,2018,0,0,6000.0,99399.0
116250.0,115000.0,2018,0,0,8700.0,99399.0
128500.0,115000.0,2016,0,0,7000.0,99399.0
124000.0,115000.0,2018,0,0,35000.0,99399.0
122111.11111111111,115000.0,2017,0,0,17000.0,99399.0
122111.11111111111,111000.0,2017,0,0,17500.0,99399.0
122111.11111111111,110000.0,2015,0,0,33000.0,99399.0
116000.0,110000.0,2017,0,0,14000.0,99399.0
122111.11111111111,110000.0,2017,0,0,26000.0,99399.0
116000.0,105000.0,2015,0,0,5400.0,99399.0
105000.0,105000.0,2018,0,0,5700.0,99399.0
116250.0,105000.0,2013,0,0,6900.0,99399.0
107000.0,105000.0,2018,0,0,6000.0,99399.0
122111.11111111111,100000.0,2015,0,0,46500.0,99399.0
95000.0,95000.0,2014,0,0,11500.0,99399.0
95000.0,90000.0,2011,0,0,40000.0,99399.0
79000.0,90000.0,2019,0,0,1300.0,95000.0
75000.0,75000.0,2018,0,0,7000.0,80000.0
68740.27272727272,80000.0,2019,0,0,3000.0,87000.0
65562.5,78000.0,2019,0,0,5000.0,84000.0
68740.27272727272,75000.0,2019,0,0,11000.0,87000.0
75000.0,75000.0,2017,0,0,18000.0,82000.0
79000.0,75000.0,2019,0,0,3500.0,95000.0
79000.0,72000.0,2018,0,0,500.0,95000.0
55021.28571428572,65000.0,2019,0,0,11800.0,81000.0
38914.634146341465,65000.0,2017,0,0,5000.0,74000.0
62500.0,65000.0,2016,0,0,23500.0,99399.0
60000.0,65000.0,2015,0,0,16000.0,78700.0
68740.27272727272,60000.0,2018,0,0,15000.0,87000.0
52500.0,60000.0,2017,0,0,16600.0,95000.0
62500.0,60000.0,2015,0,0,32000.0,99399.0
60000.0,60000.0,2018,0,0,20000.0,80000.0
60000.0,60000.0,2017,0,0,29000.0,84000.0
60000.0,60000.0,2018,0,0,25000.0,84000.0
60000.0,60000.0,2016,0,0,25000.0,99000.0
55021.28571428572,60000.0,2014,0,0,19000.0,81000.0
60000.0,55000.0,2016,0,0,15000.0,78700.0
65562.5,55000.0,2017,0,0,58000.0,84000.0
51500.0,52000.0,2012,0,0,45000.0,94000.0
51500.0,51000.0,2018,0,0,24000.0,94000.0
47500.0,50000.0,2013,0,0,6000.0,82600.0
50000.0,50000.0,2018,0,0,31000.0,55000.0
48333.333333333336,50000.0,2014,0,0,13000.0,99000.0
48333.333333333336,50000.0,2015,0,0,45000.0,99000.0
50000.0,50000.0,2016,0,0,8000.0,88000.0
46000.0,48000.0,2019,0,0,4300.0,51000.0
32250.0,48000.0,2019,0,0,15000.0,52000.0
65562.5,48000.0,2017,0,0,23000.0,84000.0
37000.0,48000.0,2019,0,0,8600.0,54000.0
46000.0,45000.0,2019,0,0,4000.0,51000.0
70714.28571428571,45000.0,2013,0,0,24000.0,95000.0
47500.0,45000.0,2016,0,0,23000.0,82600.0
48333.333333333336,45000.0,2014,0,0,14500.0,99000.0
52500.0,45000.0,2012,0,0,27000.0,95000.0
42500.0,45000.0,2018,0,0,14000.0,54000.0
31000.0,45000.0,2018,0,0,500.0,54000.0
42500.0,45000.0,2018,0,0,1000.0,55000.0
55021.28571428572,42000.0,2016,0,0,42000.0,81000.0
40333.333333333336,42000.0,2015,0,0,12000.0,73000.0
42500.0,40000.0,2017,0,0,14000.0,54000.0
40000.0,40000.0,2014,0,0,5500.0,83000.0
42500.0,40000.0,2017,0,0,6700.0,55000.0
32923.07692307692,40000.0,2016,0,0,13700.0,64000.0
40000.0,40000.0,2019,0,0,1300.0,51000.0
41500.0,38000.0,2017,0,0,38600.0,72000.0
32272.727272727272,38000.0,2013,0,0,75000.0,78700.0
33000.0,35000.0,2013,0,0,30000.0,99399.0
37500.0,35000.0,2018,0,0,24000.0,57000.0
35000.0,35000.0,2016,0,0,19000.0,52000.0
33000.0,31000.0,2012,0,0,87250.0,99399.0
30000.0,30000.0,2014,0,0,60000.0,51000.0
30000.0,30000.0,2018,0,0,50000.0,48000.0
21000.0,30000.0,2015,0,0,30000.0,58000.0
24545.363636363636,27000.0,2015,0,0,21000.0,47000.0
38914.634146341465,25000.0,2010,0,1,26000.0,75000.0
46111.11111111111,25000.0,2010,0,0,1900.0,58000.0
25000.0,25000.0,2012,0,0,22000.0,52000.0
20500.0,25000.0,2015,0,0,32000.0,51000.0
25000.0,25000.0,2015,0,0,18000.0,57000.0
38750.0,20000.0,2007,0,0,55000.0,57000.0
38914.634146341465,20000.0,2010,0,0,60000.0,75000.0
27187.5,20000.0,2014,0,1,25000.0,57000.0
31000.0,20000.0,2009,0,1,49000.0,75000.0
20000.0,20000.0,2015,0,1,24000.0,65000.0
20000.0,20000.0,2010,0,0,50000.0,78700.0
18000.0,18000.0,2017,0,0,35000.0,43703.0
31000.0,17000.0,2010,0,0,87250.0,52000.0
20500.0,16000.0,2012,0,0,33000.0,51000.0
27187.5,15000.0,2013,0,1,35000.0,57000.0
21000.0,12000.0,2009,0,0,53000.0,58000.0
38914.634146341465,10000.0,2008,0,0,87250.0,75000.0
